{
  "HonestyHumility": {
    "noise_levels": [
      0.05,
      0.1,
      0.2,
      0.3
    ],
    "mean_corr": [
      0.9846684806581842,
      0.9589879395301206,
      0.8829415593034862,
      0.8216957412903027
    ],
    "std_corr": [
      0.008135734969081918,
      0.01864860221621813,
      0.03364400358061964,
      0.044856065655234596
    ]
  },
  "Emotionality": {
    "noise_levels": [
      0.05,
      0.1,
      0.2,
      0.3
    ],
    "mean_corr": [
      0.9808581547759903,
      0.9553144827872174,
      0.8816367960982496,
      0.7943165348472487
    ],
    "std_corr": [
      0.01007899725212001,
      0.018774010566433214,
      0.03263289542227382,
      0.05794908393691591
    ]
  },
  "Extraversion": {
    "noise_levels": [
      0.05,
      0.1,
      0.2,
      0.3
    ],
    "mean_corr": [
      0.9602101484865967,
      0.9217510904324336,
      0.8427063266409628,
      0.73460714763179
    ],
    "std_corr": [
      0.022330670350832867,
      0.028878586589643068,
      0.024159683687764093,
      0.036042256021117464
    ]
  },
  "Agreeableness": {
    "noise_levels": [
      0.05,
      0.1,
      0.2,
      0.3
    ],
    "mean_corr": [
      0.9772035909978168,
      0.9474981215464873,
      0.8981968156966027,
      0.8363216532011395
    ],
    "std_corr": [
      0.010602147537536896,
      0.014261454249860299,
      0.02550643139414878,
      0.0333606301953734
    ]
  },
  "Conscientiousness": {
    "noise_levels": [
      0.05,
      0.1,
      0.2,
      0.3
    ],
    "mean_corr": [
      0.9758205416189754,
      0.9389783024022994,
      0.8670322269462577,
      0.7857877386851325
    ],
    "std_corr": [
      0.00910961610832428,
      0.01360014564848104,
      0.027755967044909118,
      0.03888152262913549
    ]
  },
  "OpennessToExperience": {
    "noise_levels": [
      0.05,
      0.1,
      0.2,
      0.3
    ],
    "mean_corr": [
      0.9662258538592954,
      0.9136853863823379,
      0.8175539044070317,
      0.7019668081494258
    ],
    "std_corr": [
      0.009823073150944769,
      0.024213170632650993,
      0.047765978546988906,
      0.06730904964639896
    ]
  }
}