{
  "HonestyHumility": {
    "noise_levels": [
      0.05,
      0.1,
      0.2,
      0.3
    ],
    "mean_corr": [
      0.9315044210704593,
      0.8962817043134105,
      0.8203089125017647,
      0.6946038360426314
    ],
    "std_corr": [
      0.006427271840611776,
      0.018625163050403792,
      0.04031702504753545,
      0.055407236993097665
    ]
  },
  "Emotionality": {
    "noise_levels": [
      0.05,
      0.1,
      0.2,
      0.3
    ],
    "mean_corr": [
      0.972682803327099,
      0.9469400507861978,
      0.8748824556878857,
      0.7081428980806527
    ],
    "std_corr": [
      0.0059822927457146334,
      0.011438227166077902,
      0.03272393407087929,
      0.039125595893162154
    ]
  },
  "Extraversion": {
    "noise_levels": [
      0.05,
      0.1,
      0.2,
      0.3
    ],
    "mean_corr": [
      0.9574888436702581,
      0.9147645641817429,
      0.8017865192866821,
      0.6620594145507765
    ],
    "std_corr": [
      0.008474614816529759,
      0.024588655786486727,
      0.04985547134990823,
      0.0778056236859809
    ]
  },
  "Agreeableness": {
    "noise_levels": [
      0.05,
      0.1,
      0.2,
      0.3
    ],
    "mean_corr": [
      0.9553054588353115,
      0.9180075728916208,
      0.8234056910744972,
      0.7320279953839748
    ],
    "std_corr": [
      0.006642634111550986,
      0.015509440752939774,
      0.03586199915393913,
      0.047021753322610764
    ]
  },
  "Conscientiousness": {
    "noise_levels": [
      0.05,
      0.1,
      0.2,
      0.3
    ],
    "mean_corr": [
      0.9576478405442669,
      0.9281071004293349,
      0.8296289776559067,
      0.6653576427065271
    ],
    "std_corr": [
      0.006057501739644317,
      0.017712279775984503,
      0.03280901941982273,
      0.041703244238074914
    ]
  },
  "OpennessToExperience": {
    "noise_levels": [
      0.05,
      0.1,
      0.2,
      0.3
    ],
    "mean_corr": [
      0.9735602583354502,
      0.9449363098851882,
      0.8076070632128511,
      0.6550219613060212
    ],
    "std_corr": [
      0.005998514386417152,
      0.010011952548350456,
      0.040504750550733014,
      0.04374770969117926
    ]
  }
}